Mobile,Route,Community,Stop,Address,Date,Day,Frequency,Start,End,Timetable
South,Thursday Week 1,Alderbury,Eyres Drive,"Eyres Drive, Alderbury",2020-12-10,Thursday,4,10:00,10:20,http://services.wiltshire.gov.uk/MobileLibrary/Library/Round/35
South,Thursday Week 1,Alderbury,School,"School, Alderbury",2020-12-10,Thursday,4,13:40,14:15,http://services.wiltshire.gov.uk/MobileLibrary/Library/Round/35
South,Saturday Week 2,Alderbury,Village Hall,"Village Hall, Alderbury",2020-11-21,Saturday,4,09:30,11:00,http://services.wiltshire.gov.uk/MobileLibrary/Library/Round/44
South,Saturday Week 4,Alderbury,Village Hall,"Village Hall, Alderbury",2020-12-05,Saturday,4,09:30,11:00,http://services.wiltshire.gov.uk/MobileLibrary/Library/Round/58
North,Thursday Week 2,All Cannings,Village Hall,"Village Hall, All Cannings",2020-11-19,Thursday,4,11:25,11:55,http://services.wiltshire.gov.uk/MobileLibrary/Library/Round/12
North,Friday Week 2,All Cannings,Village Hall,"Village Hall, All Cannings",2020-11-20,Friday,4,15:00,15:45,http://services.wiltshire.gov.uk/MobileLibrary/Library/Round/13
Residential homes,Wednesday Week 3,Amesbury,Lanfear Close,"Lanfear Close, Amesbury",2020-11-25,Wednesday,4,09:30,09:50,http://services.wiltshire.gov.uk/MobileLibrary/Library/Round/104
South,Tuesday Week 2,Ansty,The Maypole,"The Maypole, Ansty",2020-11-17,Tuesday,4,14:20,14:45,http://services.wiltshire.gov.uk/MobileLibrary/Library/Round/40
North,Wednesday Week 2,Ashton Common,Bus stop,"Bus stop, Ashton Common",2020-11-18,Wednesday,4,15:45,16:10,http://services.wiltshire.gov.uk/MobileLibrary/Library/Round/11
North,Wednesday Week 4,Ashton Common,Bus stop,"Bus stop, Ashton Common",2020-12-02,Wednesday,4,15:45,16:10,http://services.wiltshire.gov.uk/MobileLibrary/Library/Round/25
North,Friday Week 1,Ashton Keynes,Village Hall,"Village Hall, Ashton Keynes",2020-12-11,Friday,4,14:00,15:45,http://services.wiltshire.gov.uk/MobileLibrary/Library/Round/5
North,Friday Week 3,Ashton Keynes,Village Hall,"Village Hall, Ashton Keynes",2020-11-27,Friday,4,14:00,15:45,http://services.wiltshire.gov.uk/MobileLibrary/Library/Round/20
North,Tuesday Week 2,Atworth,Mead Park,"Mead Park, Atworth",2020-11-17,Tuesday,4,09:45,10:15,http://services.wiltshire.gov.uk/MobileLibrary/Library/Round/10
Residential homes,Tuesday Week 3,Atworth,Shell Court,"Shell Court, Atworth",2020-11-24,Tuesday,4,12:25,12:50,http://services.wiltshire.gov.uk/MobileLibrary/Library/Round/103
North,Tuesday Week 3,Avebury,Caravan Park,"Caravan Park, Avebury",2020-11-24,Tuesday,4,14:30,15:00,http://services.wiltshire.gov.uk/MobileLibrary/Library/Round/17
North,Tuesday Week 3,Avebury,High Street,"High Street, Avebury",2020-11-24,Tuesday,4,13:55,14:25,http://services.wiltshire.gov.uk/MobileLibrary/Library/Round/17
North,Tuesday Week 3,Avebury Trusloe,Bungalows,"Bungalows, Avebury Trusloe",2020-11-24,Tuesday,4,12:15,12:45,http://services.wiltshire.gov.uk/MobileLibrary/Library/Round/17
South,Tuesday Week 4,Barford St Martin,St Martin’s Close,"St Martin’s Close, Barford St Martin",2020-12-01,Tuesday,4,16:15,16:30,http://services.wiltshire.gov.uk/MobileLibrary/Library/Round/54
North,Thursday Week 4,Baydon,"Ermin Street,","Ermin Street,, Baydon",2020-12-03,Thursday,4,10:50,11:40,http://services.wiltshire.gov.uk/MobileLibrary/Library/Round/26
South,Monday Week 1,Beechingstoke,Limberstone,"Limberstone, Beechingstoke",2020-12-07,Monday,4,11:30,11:50,http://services.wiltshire.gov.uk/MobileLibrary/Library/Round/32
South,Monday Week 3,Beechingstoke,Limberstone,"Limberstone, Beechingstoke",2020-11-23,Monday,4,11:30,11:50,http://services.wiltshire.gov.uk/MobileLibrary/Library/Round/46
South,Thursday Week 3,Berwick St John,Talbot Inn,"Talbot Inn, Berwick St John",2020-11-26,Thursday,4,15:00,15:20,http://services.wiltshire.gov.uk/MobileLibrary/Library/Round/49
South,Tuesday Week 1,Bishopdown,Busy Bees Nursery,"Busy Bees Nursery, Bishopdown",2020-12-08,Tuesday,4,09:55,10:40,http://services.wiltshire.gov.uk/MobileLibrary/Library/Round/33
South,Saturday Week 2,Bishopdown Farm,Pavilion,"Pavilion, Bishopdown Farm",2020-11-21,Saturday,4,15:20,15:50,http://services.wiltshire.gov.uk/MobileLibrary/Library/Round/44
South,Saturday Week 4,Bishopdown Farm,Pavilion,"Pavilion, Bishopdown Farm",2020-12-05,Saturday,4,15:20,15:50,http://services.wiltshire.gov.uk/MobileLibrary/Library/Round/58
North,Tuesday Week 3,Bishops Cannings,The Street,"The Street, Bishops Cannings",2020-11-24,Tuesday,4,09:30,10:30,http://services.wiltshire.gov.uk/MobileLibrary/Library/Round/17
South,Thursday Week 3,Bishopstone,The Styles,"The Styles, Bishopstone",2020-11-26,Thursday,4,11:15,11:35,http://services.wiltshire.gov.uk/MobileLibrary/Library/Round/49
South,Friday Week 1,Boscombe/Allington,Telephone Box,"Telephone Box, Boscombe/Allington",2020-12-11,Friday,4,10:45,11:00,http://services.wiltshire.gov.uk/MobileLibrary/Library/Round/36
South,Friday Week 3,Boscombe/Allington,Telephone Box,"Telephone Box, Boscombe/Allington",2020-11-27,Friday,4,10:45,11:00,http://services.wiltshire.gov.uk/MobileLibrary/Library/Round/50
South,Thursday Week 3,Bower Chalke,The Village Hall,"The Village Hall, Bower Chalke",2020-11-26,Thursday,4,14:00,14:15,http://services.wiltshire.gov.uk/MobileLibrary/Library/Round/49
Residential homes,Tuesday Week 3,Box,Brunel House,"Brunel House, Box",2020-11-24,Tuesday,4,13:30,13:45,http://services.wiltshire.gov.uk/MobileLibrary/Library/Round/103
Residential homes,Tuesday Week 3,Box,Bybrook House,"Bybrook House, Box",2020-11-24,Tuesday,4,13:05,13:20,http://services.wiltshire.gov.uk/MobileLibrary/Library/Round/103
Residential homes,Friday Week 1,Bradford on Avon,Aldhelm Court,"Aldhelm Court, Bradford on Avon",2020-12-11,Friday,4,11:25,11:45,http://services.wiltshire.gov.uk/MobileLibrary/Library/Round/92
Residential homes,Friday Week 1,Bradford on Avon,Cedar Court,"Cedar Court, Bradford on Avon",2020-12-11,Friday,4,10:55,11:15,http://services.wiltshire.gov.uk/MobileLibrary/Library/Round/92
Residential homes,Friday Week 1,Bradford on Avon,Wiltshire Heights,"Wiltshire Heights, Bradford on Avon",2020-12-11,Friday,4,10:30,10:50,http://services.wiltshire.gov.uk/MobileLibrary/Library/Round/92
North,Thursday Week 3,Bratton,The Duke Pub,"The Duke Pub, Bratton",2020-11-26,Thursday,4,14:45,15:15,http://services.wiltshire.gov.uk/MobileLibrary/Library/Round/19
Residential homes,Tuesday Week 1,Braydon,White Lodge,"White Lodge, Braydon",2020-12-08,Tuesday,4,12:15,12:45,http://services.wiltshire.gov.uk/MobileLibrary/Library/Round/89
North,Friday Week 3,Brinkworth,Little Foxes,"Little Foxes, Brinkworth",2020-11-27,Friday,4,10:40,11:10,http://services.wiltshire.gov.uk/MobileLibrary/Library/Round/20
North,Friday Week 3,Brinkworth,Village Hall,"Village Hall, Brinkworth",2020-11-27,Friday,4,11:15,11:45,http://services.wiltshire.gov.uk/MobileLibrary/Library/Round/20
South,Thursday Week 3,Britford,Shelter Barn,"Shelter Barn, Britford",2020-11-26,Thursday,4,10:00,10:20,http://services.wiltshire.gov.uk/MobileLibrary/Library/Round/49
South,Thursday Week 3,Broad Chalke,Church Car Park,"Church Car Park, Broad Chalke",2020-11-26,Thursday,4,11:50,12:10,http://services.wiltshire.gov.uk/MobileLibrary/Library/Round/49
North,Tuesday Week 3,Broad Hinton,Village Hall,"Village Hall, Broad Hinton",2020-11-24,Tuesday,4,15:15,16:00,http://services.wiltshire.gov.uk/MobileLibrary/Library/Round/17
Residential homes,Monday Week 3,Bromham,Angell House,"Angell House, Bromham",2020-11-23,Monday,4,09:45,10:00,http://services.wiltshire.gov.uk/MobileLibrary/Library/Round/102
North,Saturday Week 2,Bromham,Highfield Road,"Highfield Road, Bromham",2020-11-21,Saturday,4,14:50,15:20,http://services.wiltshire.gov.uk/MobileLibrary/Library/Round/14
North,Saturday Week 2,Bromham,The Greyhound,"The Greyhound, Bromham",2020-11-21,Saturday,4,14:10,14:40,http://services.wiltshire.gov.uk/MobileLibrary/Library/Round/14
North,Tuesday Week 2,Broughton Gifford,The Rusty Stag Pub,"The Rusty Stag Pub, Broughton Gifford",2020-11-17,Tuesday,4,10:30,11:00,http://services.wiltshire.gov.uk/MobileLibrary/Library/Round/10
North,Monday Week 1,Bulkington,The Well,"The Well, Bulkington",2020-12-07,Monday,4,11:05,11:30,http://services.wiltshire.gov.uk/MobileLibrary/Library/Round/1
South,Wednesday Week 2,Burbage,Village Hall,"Village Hall, Burbage",2020-11-18,Wednesday,4,10:10,11:20,http://services.wiltshire.gov.uk/MobileLibrary/Library/Round/41
North,Friday Week 2,Cadley,Green near garage,"Green near garage, Cadley",2020-11-20,Friday,4,14:05,14:25,http://services.wiltshire.gov.uk/MobileLibrary/Library/Round/13
Residential homes,Thursday Week 4,Calne,James House,"James House, Calne",2020-12-03,Thursday,4,10:30,10:50,http://services.wiltshire.gov.uk/MobileLibrary/Library/Round/112
Residential homes,Thursday Week 4,Calne,Marden Court,"Marden Court, Calne",2020-12-03,Thursday,4,10:10,10:25,http://services.wiltshire.gov.uk/MobileLibrary/Library/Round/112
Residential homes,Thursday Week 4,Calne,The Wharf,"The Wharf, Calne",2020-12-03,Thursday,4,09:45,10:05,http://services.wiltshire.gov.uk/MobileLibrary/Library/Round/112
North,Wednesday Week 1,Castle Combe,By Market Cross,"By Market Cross, Castle Combe",2020-12-09,Wednesday,4,15:15,15:45,http://services.wiltshire.gov.uk/MobileLibrary/Library/Round/3
North,Wednesday Week 3,Castle Combe,By Market Cross,"By Market Cross, Castle Combe",2020-11-25,Wednesday,4,15:15,15:45,http://services.wiltshire.gov.uk/MobileLibrary/Library/Round/18
North,Wednesday Week 2,Chapmanslade,School,"School, Chapmanslade",2020-11-18,Wednesday,4,13:45,14:30,http://services.wiltshire.gov.uk/MobileLibrary/Library/Round/11
North,Wednesday Week 4,Chapmanslade,School,"School, Chapmanslade",2020-12-02,Wednesday,4,13:45,14:30,http://services.wiltshire.gov.uk/MobileLibrary/Library/Round/25
North,Monday Week 3,Cherhill,Church,"Church, Cherhill",2020-11-23,Monday,4,12:15,12:35,http://services.wiltshire.gov.uk/MobileLibrary/Library/Round/16
North,Monday Week 3,Cherhill,Olivers Hill,"Olivers Hill, Cherhill",2020-11-23,Monday,4,12:40,13:00,http://services.wiltshire.gov.uk/MobileLibrary/Library/Round/16
South,Tuesday Week 4,Chilmark,Hops Close,"Hops Close, Chilmark",2020-12-01,Tuesday,4,15:05,15:25,http://services.wiltshire.gov.uk/MobileLibrary/Library/Round/54
North,Thursday Week 4,Chilton Foliat,Stagg Hill,"Stagg Hill, Chilton Foliat",2020-12-03,Thursday,4,13:00,13:45,http://services.wiltshire.gov.uk/MobileLibrary/Library/Round/26
Residential homes,Monday Week 3,Chippenham,Avon Court,"Avon Court, Chippenham",2020-11-23,Monday,4,13:25,13:45,http://services.wiltshire.gov.uk/MobileLibrary/Library/Round/102
Residential homes,Monday Week 3,Chippenham,Cepen Lodge,"Cepen Lodge, Chippenham",2020-11-23,Monday,4,10:50,11:20,http://services.wiltshire.gov.uk/MobileLibrary/Library/Round/102
Residential homes,Tuesday Week 4,Chippenham,Clift House,"Clift House, Chippenham",2020-12-01,Tuesday,4,11:15,11:40,http://services.wiltshire.gov.uk/MobileLibrary/Library/Round/110
Residential homes,Tuesday Week 4,Chippenham,Croft Court,"Croft Court, Chippenham",2020-12-01,Tuesday,4,10:30,11:00,http://services.wiltshire.gov.uk/MobileLibrary/Library/Round/110
Residential homes,Monday Week 3,Chippenham,Fairways,"Fairways, Chippenham",2020-11-23,Monday,4,11:25,12:00,http://services.wiltshire.gov.uk/MobileLibrary/Library/Round/102
Residential homes,Tuesday Week 4,Chippenham,Ferfoot,"Ferfoot, Chippenham",2020-12-01,Tuesday,4,12:35,12:55,http://services.wiltshire.gov.uk/MobileLibrary/Library/Round/110
Residential homes,Monday Week 3,Chippenham,Ivyfield Court,"Ivyfield Court, Chippenham",2020-11-23,Monday,4,13:00,13:20,http://services.wiltshire.gov.uk/MobileLibrary/Library/Round/102
Residential homes,Tuesday Week 4,Chippenham,Seymour House,"Seymour House, Chippenham",2020-12-01,Tuesday,4,12:00,12:25,http://services.wiltshire.gov.uk/MobileLibrary/Library/Round/110
Residential homes,Tuesday Week 4,Chippenham,St. Clements,"St. Clements, Chippenham",2020-12-01,Tuesday,4,09:45,10:20,http://services.wiltshire.gov.uk/MobileLibrary/Library/Round/110
Residential homes,Tuesday Week 4,Chippenham,The Priory,"The Priory, Chippenham",2020-12-01,Tuesday,4,11:45,11:50,http://services.wiltshire.gov.uk/MobileLibrary/Library/Round/110
South,Monday Week 1,Chirton,The Street,"The Street, Chirton",2020-12-07,Monday,4,13:15,13:50,http://services.wiltshire.gov.uk/MobileLibrary/Library/Round/32
South,Monday Week 3,Chirton,The Street,"The Street, Chirton",2020-11-23,Monday,4,13:15,13:50,http://services.wiltshire.gov.uk/MobileLibrary/Library/Round/46
South,Friday Week 4,Chitterne,Car Park near the Church,"Car Park near the Church, Chitterne",2020-12-04,Friday,4,11:00,11:20,http://services.wiltshire.gov.uk/MobileLibrary/Library/Round/57
North,Thursday Week 1,Christian Malford,Village Hall,"Village Hall, Christian Malford",2020-12-10,Thursday,4,14:15,14:45,http://services.wiltshire.gov.uk/MobileLibrary/Library/Round/4
South,Friday Week 2,Chute Cadley,Pond,"Pond, Chute Cadley",2020-11-20,Friday,4,10:20,10:40,http://services.wiltshire.gov.uk/MobileLibrary/Library/Round/43
South,Friday Week 2,Chute Forest,Bus Shelter,"Bus Shelter, Chute Forest",2020-11-20,Friday,4,09:45,10:10,http://services.wiltshire.gov.uk/MobileLibrary/Library/Round/43
South,Friday Week 4,Codford,Cherry Orchard,"Cherry Orchard, Codford",2020-12-04,Friday,4,13:25,13:45,http://services.wiltshire.gov.uk/MobileLibrary/Library/Round/57
North,Wednesday Week 1,Colerne,Fosseway Close,"Fosseway Close, Colerne",2020-12-09,Wednesday,4,09:45,10:05,http://services.wiltshire.gov.uk/MobileLibrary/Library/Round/3
North,Wednesday Week 1,Colerne,Near School,"Near School, Colerne",2020-12-09,Wednesday,4,10:15,12:45,http://services.wiltshire.gov.uk/MobileLibrary/Library/Round/3
North,Wednesday Week 3,Colerne,Near School,"Near School, Colerne",2020-11-25,Wednesday,4,10:15,12:45,http://services.wiltshire.gov.uk/MobileLibrary/Library/Round/18
South,Friday Week 2,Collingbourne Ducis,West Farm,"West Farm, Collingbourne Ducis",2020-11-20,Friday,4,11:05,11:30,http://services.wiltshire.gov.uk/MobileLibrary/Library/Round/43
South,Friday Week 2,Collingbourne Kingston,Aughton,"Aughton, Collingbourne Kingston",2020-11-20,Friday,4,11:40,12:05,http://services.wiltshire.gov.uk/MobileLibrary/Library/Round/43
North,Monday Week 3,Compton Bassett,Briar Leaze,"Briar Leaze, Compton Bassett",2020-11-23,Monday,4,11:00,11:20,http://services.wiltshire.gov.uk/MobileLibrary/Library/Round/16
Residential homes,Tuesday Week 3,Corsham,Claremont and Warrington Lodge,"Claremont and Warrington Lodge, Corsham",2020-11-24,Tuesday,4,10:40,11:20,http://services.wiltshire.gov.uk/MobileLibrary/Library/Round/103
Residential homes,Tuesday Week 3,Corsham,Holton House,"Holton House, Corsham",2020-11-24,Tuesday,4,09:45,10:00,http://services.wiltshire.gov.uk/MobileLibrary/Library/Round/103
Residential homes,Tuesday Week 3,Corsham,Jargeau Court,"Jargeau Court, Corsham",2020-11-24,Tuesday,4,10:05,10:30,http://services.wiltshire.gov.uk/MobileLibrary/Library/Round/103
Residential homes,Tuesday Week 1,Cricklade,Heberden House,"Heberden House, Cricklade",2020-12-08,Tuesday,4,11:30,11:50,http://services.wiltshire.gov.uk/MobileLibrary/Library/Round/89
North,Friday Week 1,Crudwell,The Dawneys,"The Dawneys, Crudwell",2020-12-11,Friday,4,11:10,11:45,http://services.wiltshire.gov.uk/MobileLibrary/Library/Round/5
North,Friday Week 3,Dauntsey,School,"School, Dauntsey",2020-11-27,Friday,4,10:00,10:20,http://services.wiltshire.gov.uk/MobileLibrary/Library/Round/20
Residential homes,Monday Week 3,Derry Hill,Kingston House,"Kingston House, Derry Hill",2020-11-23,Monday,4,10:10,10:30,http://services.wiltshire.gov.uk/MobileLibrary/Library/Round/102
North,Tuesday Week 2,Derry Hill,Lansdowne Hall,"Lansdowne Hall, Derry Hill",2020-11-17,Tuesday,4,14:20,15:45,http://services.wiltshire.gov.uk/MobileLibrary/Library/Round/10
North,Tuesday Week 4,Derry Hill,Lansdowne Hall,"Lansdowne Hall, Derry Hill",2020-12-01,Tuesday,4,14:30,15:45,http://services.wiltshire.gov.uk/MobileLibrary/Library/Round/24
Residential homes,Thursday Week 4,Devizes,Briggs Lodge,"Briggs Lodge, Devizes",2020-12-03,Thursday,4,11:15,11:45,http://services.wiltshire.gov.uk/MobileLibrary/Library/Round/112
Residential homes,Thursday Week 4,Devizes,Crammer Court,"Crammer Court, Devizes",2020-12-03,Thursday,4,12:30,12:50,http://services.wiltshire.gov.uk/MobileLibrary/Library/Round/112
Residential homes,Monday Week 1,Devizes,Haywood Care,"Haywood Care, Devizes",2020-12-07,Monday,4,11:45,12:05,http://services.wiltshire.gov.uk/MobileLibrary/Library/Round/88
Residential homes,Monday Week 1,Devizes,Needham House,"Needham House, Devizes",2020-12-07,Monday,4,13:25,13:55,http://services.wiltshire.gov.uk/MobileLibrary/Library/Round/88
Residential homes,Monday Week 1,Devizes,Sudweeks Court,"Sudweeks Court, Devizes",2020-12-07,Monday,4,13:00,13:20,http://services.wiltshire.gov.uk/MobileLibrary/Library/Round/88
Residential homes,Thursday Week 4,Devizes,The Croft,"The Croft, Devizes",2020-12-03,Thursday,4,11:50,12:20,http://services.wiltshire.gov.uk/MobileLibrary/Library/Round/112
North,Wednesday Week 4,Dilton Marsh,Lyes Grove,"Lyes Grove, Dilton Marsh",2020-12-02,Wednesday,4,15:00,15:30,http://services.wiltshire.gov.uk/MobileLibrary/Library/Round/25
South,Tuesday Week 4,Dinton,Shop,"Shop, Dinton",2020-12-01,Tuesday,4,15:40,16:00,http://services.wiltshire.gov.uk/MobileLibrary/Library/Round/54
South,Friday Week 1,East Gomeldon,Bus Turning Area,"Bus Turning Area, East Gomeldon",2020-12-11,Friday,4,14:45,15:30,http://services.wiltshire.gov.uk/MobileLibrary/Library/Round/36
South,Friday Week 3,East Gomeldon,Bus Turning Area,"Bus Turning Area, East Gomeldon",2020-11-27,Friday,4,14:45,15:30,http://services.wiltshire.gov.uk/MobileLibrary/Library/Round/50
South,Wednesday Week 2,East Grafton,Coronation Hall,"Coronation Hall, East Grafton",2020-11-18,Wednesday,4,11:40,12:00,http://services.wiltshire.gov.uk/MobileLibrary/Library/Round/41
South,Tuesday Week 3,East Grimstead,The Pond,"The Pond, East Grimstead",2020-11-24,Tuesday,4,11:55,12:15,http://services.wiltshire.gov.uk/MobileLibrary/Library/Round/47
South,Saturday Week 1,East Harnham,Burford Road,"Burford Road, East Harnham",2020-12-12,Saturday,4,13:30,14:00,http://services.wiltshire.gov.uk/MobileLibrary/Library/Round/37
South,Tuesday Week 2,East Knoyle,Seymour Arms Pub,"Seymour Arms Pub, East Knoyle",2020-11-17,Tuesday,4,11:05,11:35,http://services.wiltshire.gov.uk/MobileLibrary/Library/Round/40
South,Tuesday Week 4,East Knoyle,Seymour Arms Pub,"Seymour Arms Pub, East Knoyle",2020-12-01,Tuesday,4,11:05,11:35,http://services.wiltshire.gov.uk/MobileLibrary/Library/Round/54
North,Wednesday Week 2,Edington,Post box,"Post box, Edington",2020-11-18,Wednesday,4,15:00,15:30,http://services.wiltshire.gov.uk/MobileLibrary/Library/Round/11
South,Friday Week 2,Enford,Water Lane,"Water Lane, Enford",2020-11-20,Friday,4,15:25,15:45,http://services.wiltshire.gov.uk/MobileLibrary/Library/Round/43
South,Wednesday Week 2,Everleigh,High Trees,"High Trees, Everleigh",2020-11-18,Wednesday,4,12:25,12:45,http://services.wiltshire.gov.uk/MobileLibrary/Library/Round/41
South,Tuesday Week 3,Farley,Church,"Church, Farley",2020-11-24,Tuesday,4,11:10,11:35,http://services.wiltshire.gov.uk/MobileLibrary/Library/Round/47
South,Friday Week 2,Figheldean,Oak Lane,"Oak Lane, Figheldean",2020-11-20,Friday,4,14:40,15:05,http://services.wiltshire.gov.uk/MobileLibrary/Library/Round/43
South,Tuesday Week 1,Firsdown,Top Post Box,"Top Post Box, Firsdown",2020-12-08,Tuesday,4,11:40,12:10,http://services.wiltshire.gov.uk/MobileLibrary/Library/Round/33
South,Tuesday Week 1,Ford,Green Lane,"Green Lane, Ford",2020-12-08,Tuesday,4,11:00,11:20,http://services.wiltshire.gov.uk/MobileLibrary/Library/Round/33
South,Tuesday Week 2,Fovant,Clays Orchard,"Clays Orchard, Fovant",2020-11-17,Tuesday,4,13:50,14:05,http://services.wiltshire.gov.uk/MobileLibrary/Library/Round/40
South,Saturday Week 1,Fugglestone Red,Ramleaze Drive,"Ramleaze Drive, Fugglestone Red",2020-12-12,Saturday,4,15:10,15:25,http://services.wiltshire.gov.uk/MobileLibrary/Library/Round/37
North,Friday Week 2,Great Bedwyn,Church Street,"Church Street, Great Bedwyn",2020-11-20,Friday,4,13:20,13:40,http://services.wiltshire.gov.uk/MobileLibrary/Library/Round/13
North,Friday Week 2,Great Bedwyn,Village Hall,"Village Hall, Great Bedwyn",2020-11-20,Friday,4,11:10,12:15,http://services.wiltshire.gov.uk/MobileLibrary/Library/Round/13
North,Friday Week 4,Great Bedwyn,Village Hall,"Village Hall, Great Bedwyn",2020-12-04,Friday,4,11:10,12:15,http://services.wiltshire.gov.uk/MobileLibrary/Library/Round/27
North,Friday Week 2,Great Bedwyn,Wansdyke Road,"Wansdyke Road, Great Bedwyn",2020-11-20,Friday,4,10:35,11:00,http://services.wiltshire.gov.uk/MobileLibrary/Library/Round/13
South,Wednesday Week 4,Great Cheverell,The Old School,"The Old School, Great Cheverell",2020-12-02,Wednesday,4,13:15,13:35,http://services.wiltshire.gov.uk/MobileLibrary/Library/Round/55
North,Thursday Week 1,Great Somerford,School,"School, Great Somerford",2020-12-10,Thursday,4,13:15,14:00,http://services.wiltshire.gov.uk/MobileLibrary/Library/Round/4
South,Wednesday Week 4,Great Wishford,Farmyard opposite the Church,"Farmyard opposite the Church, Great Wishford",2020-12-02,Wednesday,4,09:50,10:15,http://services.wiltshire.gov.uk/MobileLibrary/Library/Round/55
South,Friday Week 4,Hanging Langford,Post Box,"Post Box, Hanging Langford",2020-12-04,Friday,4,15:15,15:35,http://services.wiltshire.gov.uk/MobileLibrary/Library/Round/57
North,Monday Week 3,Heddington,Amenities car park,"Amenities car park, Heddington",2020-11-23,Monday,4,14:55,15:45,http://services.wiltshire.gov.uk/MobileLibrary/Library/Round/16
South,Friday Week 4,Heytesbury,St John’s,"St John’s, Heytesbury",2020-12-04,Friday,4,10:15,10:40,http://services.wiltshire.gov.uk/MobileLibrary/Library/Round/57
North,Monday Week 3,Hilmarton,School Community Hall car park,"School Community Hall car park, Hilmarton",2020-11-23,Monday,4,10:15,10:45,http://services.wiltshire.gov.uk/MobileLibrary/Library/Round/16
South,Thursday Week 2,Hindon,Bank House High Street,"Bank House High Street, Hindon",2020-11-19,Thursday,4,14:05,15:40,http://services.wiltshire.gov.uk/MobileLibrary/Library/Round/42
South,Thursday Week 4,Hindon,Bank House High Street,"Bank House High Street, Hindon",2020-12-03,Thursday,4,14:05,15:40,http://services.wiltshire.gov.uk/MobileLibrary/Library/Round/56
South,Thursday Week 2,Hindon,School,"School, Hindon",2020-11-19,Thursday,4,13:30,13:55,http://services.wiltshire.gov.uk/MobileLibrary/Library/Round/42
North,Saturday Week 4,Holt,Little Parks,"Little Parks, Holt",2020-12-05,Saturday,4,15:15,15:45,http://services.wiltshire.gov.uk/MobileLibrary/Library/Round/28
North,Wednesday Week 2,Holt,The Elms,"The Elms, Holt",2020-11-18,Wednesday,4,09:30,10:15,http://services.wiltshire.gov.uk/MobileLibrary/Library/Round/11
North,Wednesday Week 4,Holt,The Elms,"The Elms, Holt",2020-12-02,Wednesday,4,09:30,10:15,http://services.wiltshire.gov.uk/MobileLibrary/Library/Round/25
South,Thursday Week 3,Homington,The Manor,"The Manor, Homington",2020-11-26,Thursday,4,10:40,10:55,http://services.wiltshire.gov.uk/MobileLibrary/Library/Round/49
North,Tuesday Week 1,Hook,Drury Close,"Drury Close, Hook",2020-12-08,Tuesday,4,10:40,11:00,http://services.wiltshire.gov.uk/MobileLibrary/Library/Round/2
North,Tuesday Week 1,Hook,Lydiard Residential Park,"Lydiard Residential Park, Hook",2020-12-08,Tuesday,4,11:10,11:30,http://services.wiltshire.gov.uk/MobileLibrary/Library/Round/2
South,Tuesday Week 2,Horningsham,Village hall,"Village hall, Horningsham",2020-11-17,Tuesday,4,10:00,10:25,http://services.wiltshire.gov.uk/MobileLibrary/Library/Round/40
South,Tuesday Week 4,Horningsham,Village hall,"Village hall, Horningsham",2020-12-01,Tuesday,4,10:00,10:25,http://services.wiltshire.gov.uk/MobileLibrary/Library/Round/54
North,Thursday Week 1,Hullavington,By School,"By School, Hullavington",2020-12-10,Thursday,4,10:15,11:00,http://services.wiltshire.gov.uk/MobileLibrary/Library/Round/4
North,Thursday Week 1,Hullavington,Near garage/bus stop,"Near garage/bus stop, Hullavington",2020-12-10,Thursday,4,11:05,11:30,http://services.wiltshire.gov.uk/MobileLibrary/Library/Round/4
North,Monday Week 1,Keevil,Stocks Green,"Stocks Green, Keevil",2020-12-07,Monday,4,10:35,10:55,http://services.wiltshire.gov.uk/MobileLibrary/Library/Round/1
South,Thursday Week 2,Kilmington,Home Guard Car Park,"Home Guard Car Park, Kilmington",2020-11-19,Thursday,4,11:25,11:40,http://services.wiltshire.gov.uk/MobileLibrary/Library/Round/42
North,Saturday Week 2,Kington Langley,Village Hall,"Village Hall, Kington Langley",2020-11-21,Saturday,4,09:20,10:00,http://services.wiltshire.gov.uk/MobileLibrary/Library/Round/14
North,Saturday Week 4,Kington Langley,Village Hall,"Village Hall, Kington Langley",2020-12-05,Saturday,4,09:20,10:00,http://services.wiltshire.gov.uk/MobileLibrary/Library/Round/28
North,Thursday Week 1,Kington St Michael,Lodge Farm Nursery,"Lodge Farm Nursery, Kington St Michael",2020-12-10,Thursday,4,09:30,10:00,http://services.wiltshire.gov.uk/MobileLibrary/Library/Round/4
North,Tuesday Week 4,Kington St Michael,Post Office,"Post Office, Kington St Michael",2020-12-01,Tuesday,4,10:10,10:30,http://services.wiltshire.gov.uk/MobileLibrary/Library/Round/24
North,Tuesday Week 4,Kington St Michael,School,"School, Kington St Michael",2020-12-01,Tuesday,4,09:15,10:00,http://services.wiltshire.gov.uk/MobileLibrary/Library/Round/24
North,Tuesday Week 2,Lacock,High Street,"High Street, Lacock",2020-11-17,Tuesday,4,13:15,13:55,http://services.wiltshire.gov.uk/MobileLibrary/Library/Round/10
South,Saturday Week 2,Landford,Beech Grange,"Beech Grange, Landford",2020-11-21,Saturday,4,11:20,11:50,http://services.wiltshire.gov.uk/MobileLibrary/Library/Round/44
South,Saturday Week 4,Landford,Beech Grange,"Beech Grange, Landford",2020-12-05,Saturday,4,11:20,11:50,http://services.wiltshire.gov.uk/MobileLibrary/Library/Round/58
Residential homes,Wednesday Week 1,Landford,The Cedars,"The Cedars, Landford",2020-12-09,Wednesday,4,09:55,10:15,http://services.wiltshire.gov.uk/MobileLibrary/Library/Round/90
South,Wednesday Week 2,Larkhill,Car Park,"Car Park, Larkhill",2020-11-18,Wednesday,4,14:35,15:35,http://services.wiltshire.gov.uk/MobileLibrary/Library/Round/41
South,Wednesday Week 4,Larkhill,Car Park,"Car Park, Larkhill",2020-12-02,Wednesday,4,14:35,15:35,http://services.wiltshire.gov.uk/MobileLibrary/Library/Round/55
South,Saturday Week 2,Laverstock,Elm Close,"Elm Close, Laverstock",2020-11-21,Saturday,4,14:45,15:05,http://services.wiltshire.gov.uk/MobileLibrary/Library/Round/44
South,Saturday Week 4,Laverstock,Elm Close,"Elm Close, Laverstock",2020-12-05,Saturday,4,14:45,15:05,http://services.wiltshire.gov.uk/MobileLibrary/Library/Round/58
South,Saturday Week 2,Laverstock,Napier Crescent,"Napier Crescent, Laverstock",2020-11-21,Saturday,4,14:10,14:35,http://services.wiltshire.gov.uk/MobileLibrary/Library/Round/44
South,Saturday Week 4,Laverstock,Napier Crescent,"Napier Crescent, Laverstock",2020-12-05,Saturday,4,14:10,14:35,http://services.wiltshire.gov.uk/MobileLibrary/Library/Round/58
North,Friday Week 1,Lea,Near School,"Near School, Lea",2020-12-11,Friday,4,10:20,10:50,http://services.wiltshire.gov.uk/MobileLibrary/Library/Round/5
North,Thursday Week 3,Limpley Stoke,Uplands,"Uplands, Limpley Stoke",2020-11-26,Thursday,4,10:00,10:25,http://services.wiltshire.gov.uk/MobileLibrary/Library/Round/19
Residential homes,Friday Week 4,Little Somerford,Hill House,"Hill House, Little Somerford",2020-12-04,Friday,4,13:40,14:10,http://services.wiltshire.gov.uk/MobileLibrary/Library/Round/113
North,Saturday Week 1,Littleton Drew,Near old School,"Near old School, Littleton Drew",2020-12-12,Saturday,4,09:30,10:10,http://services.wiltshire.gov.uk/MobileLibrary/Library/Round/6
North,Saturday Week 3,Littleton Drew,Near old School,"Near old School, Littleton Drew",2020-11-28,Saturday,4,09:30,10:10,http://services.wiltshire.gov.uk/MobileLibrary/Library/Round/21
North,Tuesday Week 3,Lockeridge,Who’d a Thought It,"Who’d a Thought It, Lockeridge",2020-11-24,Tuesday,4,10:45,11:15,http://services.wiltshire.gov.uk/MobileLibrary/Library/Round/17
South,Saturday Week 3,Lover,St Mary’s Close,"St Mary’s Close, Lover",2020-11-28,Saturday,4,14:25,15:00,http://services.wiltshire.gov.uk/MobileLibrary/Library/Round/51
North,Thursday Week 1,Lower Stanton,Near Green,"Near Green, Lower Stanton",2020-12-10,Thursday,4,11:45,12:05,http://services.wiltshire.gov.uk/MobileLibrary/Library/Round/4
South,Wednesday Week 1,Lower Woodford,The Wheatsheaf,"The Wheatsheaf, Lower Woodford",2020-12-09,Wednesday,4,11:40,12:00,http://services.wiltshire.gov.uk/MobileLibrary/Library/Round/34
South,Wednesday Week 3,Lower Woodford,The Wheatsheaf,"The Wheatsheaf, Lower Woodford",2020-11-25,Wednesday,4,11:40,12:00,http://services.wiltshire.gov.uk/MobileLibrary/Library/Round/48
North,Tuesday Week 4,Luckington,Playing Fields,"Playing Fields, Luckington",2020-12-01,Tuesday,4,11:45,12:15,http://services.wiltshire.gov.uk/MobileLibrary/Library/Round/24
South,Thursday Week 3,Ludwell,Coronation Close Bungalows,"Coronation Close Bungalows, Ludwell",2020-11-26,Thursday,4,15:40,16:00,http://services.wiltshire.gov.uk/MobileLibrary/Library/Round/49
North,Thursday Week 2,Lydeway,Clock Inn Park,"Clock Inn Park, Lydeway",2020-11-19,Thursday,4,12:15,12:45,http://services.wiltshire.gov.uk/MobileLibrary/Library/Round/12
North,Tuesday Week 1,Lydiard Millicent,Sun Inn,"Sun Inn, Lydiard Millicent",2020-12-08,Tuesday,4,11:40,12:00,http://services.wiltshire.gov.uk/MobileLibrary/Library/Round/2
Residential homes,Friday Week 4,Malmesbury,Athelstan House,"Athelstan House, Malmesbury",2020-12-04,Friday,4,11:25,11:50,http://services.wiltshire.gov.uk/MobileLibrary/Library/Round/113
Residential homes,Friday Week 4,Malmesbury,Burnham Court,"Burnham Court, Malmesbury",2020-12-04,Friday,4,10:15,10:40,http://services.wiltshire.gov.uk/MobileLibrary/Library/Round/113
Residential homes,Friday Week 4,Malmesbury,Glovers Court,"Glovers Court, Malmesbury",2020-12-04,Friday,4,10:50,11:15,http://services.wiltshire.gov.uk/MobileLibrary/Library/Round/113
Residential homes,Friday Week 4,Malmesbury,Orchard Court,"Orchard Court, Malmesbury",2020-12-04,Friday,4,12:25,12:45,http://services.wiltshire.gov.uk/MobileLibrary/Library/Round/113
Residential homes,Friday Week 4,Malmesbury,Townsend Court,"Townsend Court, Malmesbury",2020-12-04,Friday,4,11:55,12:20,http://services.wiltshire.gov.uk/MobileLibrary/Library/Round/113
Residential homes,Tuesday Week 2,Marlborough,Castle Court,"Castle Court, Marlborough",2020-11-17,Tuesday,4,11:10,11:40,http://services.wiltshire.gov.uk/MobileLibrary/Library/Round/96
Residential homes,Tuesday Week 2,Marlborough,Churchill Court,"Churchill Court, Marlborough",2020-11-17,Tuesday,4,11:50,12:10,http://services.wiltshire.gov.uk/MobileLibrary/Library/Round/96
Residential homes,Thursday Week 3,Marlborough,Coombe End,"Coombe End, Marlborough",2020-11-26,Thursday,4,10:15,10:30,http://services.wiltshire.gov.uk/MobileLibrary/Library/Round/105
Residential homes,Tuesday Week 2,Marlborough,Highfield,"Highfield, Marlborough",2020-11-17,Tuesday,4,10:00,10:25,http://services.wiltshire.gov.uk/MobileLibrary/Library/Round/96
Residential homes,Thursday Week 3,Marlborough,Marlborough Lodge,"Marlborough Lodge, Marlborough",2020-11-26,Thursday,4,10:00,10:15,http://services.wiltshire.gov.uk/MobileLibrary/Library/Round/105
Residential homes,Thursday Week 3,Marlborough,Merlin Court,"Merlin Court, Marlborough",2020-11-26,Thursday,4,10:35,11:00,http://services.wiltshire.gov.uk/MobileLibrary/Library/Round/105
Residential homes,Tuesday Week 2,Marlborough,Purcells Court,"Purcells Court, Marlborough",2020-11-17,Tuesday,4,13:00,13:30,http://services.wiltshire.gov.uk/MobileLibrary/Library/Round/96
Residential homes,Thursday Week 3,Marlborough,Savernake View,"Savernake View, Marlborough",2020-11-26,Thursday,4,11:40,12:05,http://services.wiltshire.gov.uk/MobileLibrary/Library/Round/105
Residential homes,Thursday Week 3,Marlborough,St. Luke’s Court,"St. Luke’s Court, Marlborough",2020-11-26,Thursday,4,11:00,11:25,http://services.wiltshire.gov.uk/MobileLibrary/Library/Round/105
Residential homes,Tuesday Week 2,Marlborough,York Place,"York Place, Marlborough",2020-11-17,Tuesday,4,10:30,11:00,http://services.wiltshire.gov.uk/MobileLibrary/Library/Round/96
Residential homes,Friday Week 2,Melksham,Blenheim House (Sampford),"Blenheim House (Sampford), Melksham",2020-11-20,Friday,4,11:50,12:05,http://services.wiltshire.gov.uk/MobileLibrary/Library/Round/99
Residential homes,Friday Week 2,Melksham,Brookside,"Brookside, Melksham",2020-11-20,Friday,4,10:40,11:00,http://services.wiltshire.gov.uk/MobileLibrary/Library/Round/99
Residential homes,Friday Week 2,Melksham,Kestrel Court,"Kestrel Court, Melksham",2020-11-20,Friday,4,10:05,10:30,http://services.wiltshire.gov.uk/MobileLibrary/Library/Round/99
Residential homes,Friday Week 2,Melksham,Thornbank,"Thornbank, Melksham",2020-11-20,Friday,4,09:30,10:00,http://services.wiltshire.gov.uk/MobileLibrary/Library/Round/99
Residential homes,Friday Week 2,Melksham,Wharf Court,"Wharf Court, Melksham",2020-11-20,Friday,4,11:10,11:40,http://services.wiltshire.gov.uk/MobileLibrary/Library/Round/99
Residential homes,Thursday Week 1,Mere,Bramley House,"Bramley House, Mere",2020-12-10,Thursday,4,11:30,11:50,http://services.wiltshire.gov.uk/MobileLibrary/Library/Round/91
South,Friday Week 2,Milton Lilbourne,New Severalls,"New Severalls, Milton Lilbourne",2020-11-20,Friday,4,13:30,14:05,http://services.wiltshire.gov.uk/MobileLibrary/Library/Round/43
North,Tuesday Week 1,Minety,Bus shelter,"Bus shelter, Minety",2020-12-08,Tuesday,4,14:15,15:30,http://services.wiltshire.gov.uk/MobileLibrary/Library/Round/2
North,Tuesday Week 1,Minety,Derry Park,"Derry Park, Minety",2020-12-08,Tuesday,4,13:50,14:10,http://services.wiltshire.gov.uk/MobileLibrary/Library/Round/2
North,Saturday Week 1,Neston,Pitts Croft,"Pitts Croft, Neston",2020-12-12,Saturday,4,15:00,15:45,http://services.wiltshire.gov.uk/MobileLibrary/Library/Round/6
North,Saturday Week 3,Neston,Pitts Croft,"Pitts Croft, Neston",2020-11-28,Saturday,4,15:00,15:45,http://services.wiltshire.gov.uk/MobileLibrary/Library/Round/21
North,Wednesday Week 1,Nettleton,Long Leaze,"Long Leaze, Nettleton",2020-12-09,Wednesday,4,14:20,15:00,http://services.wiltshire.gov.uk/MobileLibrary/Library/Round/3
North,Wednesday Week 3,Nettleton,Long Leaze,"Long Leaze, Nettleton",2020-11-25,Wednesday,4,14:20,15:00,http://services.wiltshire.gov.uk/MobileLibrary/Library/Round/18
South,Friday Week 1,Newton Tony,The School,"The School, Newton Tony",2020-12-11,Friday,4,11:10,12:00,http://services.wiltshire.gov.uk/MobileLibrary/Library/Round/36
South,Friday Week 3,Newton Tony,The School,"The School, Newton Tony",2020-11-27,Friday,4,11:10,12:00,http://services.wiltshire.gov.uk/MobileLibrary/Library/Round/50
South,Saturday Week 1,Nomansland,The Green,"The Green, Nomansland",2020-12-12,Saturday,4,09:30,12:00,http://services.wiltshire.gov.uk/MobileLibrary/Library/Round/37
South,Saturday Week 3,Nomansland,The Green,"The Green, Nomansland",2020-11-28,Saturday,4,09:30,12:00,http://services.wiltshire.gov.uk/MobileLibrary/Library/Round/51
North,Friday Week 1,Oaksey,Bendy Bow,"Bendy Bow, Oaksey",2020-12-11,Friday,4,13:00,13:45,http://services.wiltshire.gov.uk/MobileLibrary/Library/Round/5
North,Friday Week 3,Oaksey,Bendy Bow,"Bendy Bow, Oaksey",2020-11-27,Friday,4,13:00,13:45,http://services.wiltshire.gov.uk/MobileLibrary/Library/Round/20
North,Friday Week 4,Oare,Bus stop lay-by,"Bus stop lay-by, Oare",2020-12-04,Friday,4,15:30,16:00,http://services.wiltshire.gov.uk/MobileLibrary/Library/Round/27
North,Thursday Week 4,Ogbourne St George,Liddiards Green,"Liddiards Green, Ogbourne St George",2020-12-03,Thursday,4,10:00,10:30,http://services.wiltshire.gov.uk/MobileLibrary/Library/Round/26
South,Wednesday Week 3,Old Sarum,Pheasant Drive,"Pheasant Drive, Old Sarum",2020-11-25,Wednesday,4,10:00,10:40,http://services.wiltshire.gov.uk/MobileLibrary/Library/Round/48
Residential homes,Monday Week 1,Pewsey,Edwardian Court,"Edwardian Court, Pewsey",2020-12-07,Monday,4,10:20,10:50,http://services.wiltshire.gov.uk/MobileLibrary/Library/Round/88
Residential homes,Monday Week 1,Pewsey,Holly Lodge,"Holly Lodge, Pewsey",2020-12-07,Monday,4,11:00,11:20,http://services.wiltshire.gov.uk/MobileLibrary/Library/Round/88
Residential homes,Monday Week 1,Pewsey,Manor Court,"Manor Court, Pewsey",2020-12-07,Monday,4,09:45,10:10,http://services.wiltshire.gov.uk/MobileLibrary/Library/Round/88
North,Saturday Week 2,Pewsham,King’s Lodge School,"King’s Lodge School, Pewsham",2020-11-21,Saturday,4,10:30,12:30,http://services.wiltshire.gov.uk/MobileLibrary/Library/Round/14
North,Saturday Week 4,Pewsham,King’s Lodge School,"King’s Lodge School, Pewsham",2020-12-05,Saturday,4,10:30,12:00,http://services.wiltshire.gov.uk/MobileLibrary/Library/Round/28
South,Tuesday Week 3,Pitton,Black Lane,"Black Lane, Pitton",2020-11-24,Tuesday,4,10:30,10:50,http://services.wiltshire.gov.uk/MobileLibrary/Library/Round/47
South,Tuesday Week 3,Pitton,Village Hall,"Village Hall, Pitton",2020-11-24,Tuesday,4,10:00,10:25,http://services.wiltshire.gov.uk/MobileLibrary/Library/Round/47
South,Friday Week 1,Porton,Malvern Way,"Malvern Way, Porton",2020-12-11,Friday,4,13:20,13:45,http://services.wiltshire.gov.uk/MobileLibrary/Library/Round/36
South,Friday Week 3,Porton,Malvern Way,"Malvern Way, Porton",2020-11-27,Friday,4,13:20,13:45,http://services.wiltshire.gov.uk/MobileLibrary/Library/Round/50
North,Monday Week 1,Potterne,St Mary’s Close,"St Mary’s Close, Potterne",2020-12-07,Monday,4,15:05,15:30,http://services.wiltshire.gov.uk/MobileLibrary/Library/Round/1
North,Monday Week 1,Potterne,The School,"The School, Potterne",2020-12-07,Monday,4,14:00,15:00,http://services.wiltshire.gov.uk/MobileLibrary/Library/Round/1
North,Monday Week 1,Poulshot,The Raven Pub,"The Raven Pub, Poulshot",2020-12-07,Monday,4,12:40,13:00,http://services.wiltshire.gov.uk/MobileLibrary/Library/Round/1
Residential homes,Tuesday Week 1,Purton,Ashgrove House,"Ashgrove House, Purton",2020-12-08,Tuesday,4,10:55,11:15,http://services.wiltshire.gov.uk/MobileLibrary/Library/Round/89
Residential homes,Tuesday Week 1,Purton,The Cedars,"The Cedars, Purton",2020-12-08,Tuesday,4,10:25,10:45,http://services.wiltshire.gov.uk/MobileLibrary/Library/Round/89
South,Saturday Week 3,Quavey,The Well,"The Well, Quavey",2020-11-28,Saturday,4,13:55,14:15,http://services.wiltshire.gov.uk/MobileLibrary/Library/Round/51
North,Thursday Week 2,Rowde,Maundrell Close,"Maundrell Close, Rowde",2020-11-19,Thursday,4,09:30,10:00,http://services.wiltshire.gov.uk/MobileLibrary/Library/Round/12
North,Saturday Week 1,Rudloe,Westwood Road,"Westwood Road, Rudloe",2020-12-12,Saturday,4,14:15,14:45,http://services.wiltshire.gov.uk/MobileLibrary/Library/Round/6
North,Saturday Week 3,Rudloe,Westwood Road,"Westwood Road, Rudloe",2020-11-28,Saturday,4,14:15,14:45,http://services.wiltshire.gov.uk/MobileLibrary/Library/Round/21
South,Monday Week 1,Rushall,Pewsey Road,"Pewsey Road, Rushall",2020-12-07,Monday,4,10:10,10:30,http://services.wiltshire.gov.uk/MobileLibrary/Library/Round/32
Residential homes,Wednesday Week 2,Salisbury,Abbeyfield,"Abbeyfield, Salisbury",2020-11-18,Wednesday,4,11:10,11:30,http://services.wiltshire.gov.uk/MobileLibrary/Library/Round/97
Residential homes,Wednesday Week 3,Salisbury,Archers Court,"Archers Court, Salisbury",2020-11-25,Wednesday,4,12:15,12:40,http://services.wiltshire.gov.uk/MobileLibrary/Library/Round/104
Residential homes,Wednesday Week 4,Salisbury,Bemerton Lodge,"Bemerton Lodge, Salisbury",2020-12-02,Wednesday,4,09:50,10:05,http://services.wiltshire.gov.uk/MobileLibrary/Library/Round/111
Residential homes,Wednesday Week 3,Salisbury,Braemar Lodge,"Braemar Lodge, Salisbury",2020-11-25,Wednesday,4,11:05,11:30,http://services.wiltshire.gov.uk/MobileLibrary/Library/Round/104
Residential homes,Wednesday Week 1,Salisbury,Brympton House,"Brympton House, Salisbury",2020-12-09,Wednesday,4,11:40,12:05,http://services.wiltshire.gov.uk/MobileLibrary/Library/Round/90
Residential homes,Wednesday Week 3,Salisbury,Gloucester House,"Gloucester House, Salisbury",2020-11-25,Wednesday,4,10:30,11:00,http://services.wiltshire.gov.uk/MobileLibrary/Library/Round/104
Residential homes,Wednesday Week 4,Salisbury,Hardy House,"Hardy House, Salisbury",2020-12-02,Wednesday,4,11:05,11:25,http://services.wiltshire.gov.uk/MobileLibrary/Library/Round/111
Residential homes,Wednesday Week 2,Salisbury,Harnham Croft,"Harnham Croft, Salisbury",2020-11-18,Wednesday,4,12:00,12:15,http://services.wiltshire.gov.uk/MobileLibrary/Library/Round/97
Residential homes,Wednesday Week 4,Salisbury,Laverstock Care Centre,"Laverstock Care Centre, Salisbury",2020-12-02,Wednesday,4,10:20,10:55,http://services.wiltshire.gov.uk/MobileLibrary/Library/Round/111
Residential homes,Wednesday Week 2,Salisbury,Milford House,"Milford House, Salisbury",2020-11-18,Wednesday,4,10:40,11:05,http://services.wiltshire.gov.uk/MobileLibrary/Library/Round/97
Residential homes,Wednesday Week 4,Salisbury,Philip Court,"Philip Court, Salisbury",2020-12-02,Wednesday,4,09:30,09:45,http://services.wiltshire.gov.uk/MobileLibrary/Library/Round/111
Residential homes,Wednesday Week 1,Salisbury,Robert Stokes Almshouse,"Robert Stokes Almshouse, Salisbury",2020-12-09,Wednesday,4,10:40,11:05,http://services.wiltshire.gov.uk/MobileLibrary/Library/Round/90
Residential homes,Wednesday Week 2,Salisbury,Salisbury Manor,"Salisbury Manor, Salisbury",2020-11-18,Wednesday,4,09:30,10:00,http://services.wiltshire.gov.uk/MobileLibrary/Library/Round/97
Residential homes,Wednesday Week 2,Salisbury,St. Andrews,"St. Andrews, Salisbury",2020-11-18,Wednesday,4,10:10,10:35,http://services.wiltshire.gov.uk/MobileLibrary/Library/Round/97
Residential homes,Wednesday Week 3,Salisbury,St. Mark's House,"St. Mark's House, Salisbury",2020-11-25,Wednesday,4,11:40,12:05,http://services.wiltshire.gov.uk/MobileLibrary/Library/Round/104
Residential homes,Wednesday Week 1,Salisbury,St. Nicholas,"St. Nicholas, Salisbury",2020-12-09,Wednesday,4,11:10,11:35,http://services.wiltshire.gov.uk/MobileLibrary/Library/Round/90
Residential homes,Wednesday Week 2,Salisbury,Tower House,"Tower House, Salisbury",2020-11-18,Wednesday,4,11:30,11:45,http://services.wiltshire.gov.uk/MobileLibrary/Library/Round/97
Residential homes,Wednesday Week 3,Sarum,Avonbourne Centre,"Avonbourne Centre, Sarum",2020-11-25,Wednesday,4,10:05,10:20,http://services.wiltshire.gov.uk/MobileLibrary/Library/Round/104
North,Friday Week 4,Savernake,School,"School, Savernake",2020-12-04,Friday,4,10:00,10:30,http://services.wiltshire.gov.uk/MobileLibrary/Library/Round/27
North,Friday Week 2,Savernake,The Warren,"The Warren, Savernake",2020-11-20,Friday,4,10:00,10:25,http://services.wiltshire.gov.uk/MobileLibrary/Library/Round/13
North,Friday Week 4,Savernake,The Warren,"The Warren, Savernake",2020-12-04,Friday,4,10:35,11:00,http://services.wiltshire.gov.uk/MobileLibrary/Library/Round/27
Residential homes,Thursday Week 1,Sedgehill,Hays Park,"Hays Park, Sedgehill",2020-12-10,Thursday,4,10:30,11:10,http://services.wiltshire.gov.uk/MobileLibrary/Library/Round/91
North,Monday Week 1,Seend,The Lye,"The Lye, Seend",2020-12-07,Monday,4,09:40,10:00,http://services.wiltshire.gov.uk/MobileLibrary/Library/Round/1
North,Monday Week 1,Seend Cleeve,Telephone box,"Telephone box, Seend Cleeve",2020-12-07,Monday,4,10:05,10:25,http://services.wiltshire.gov.uk/MobileLibrary/Library/Round/1
North,Wednesday Week 4,Semington,Littlemarsh,"Littlemarsh, Semington",2020-12-02,Wednesday,4,10:30,10:50,http://services.wiltshire.gov.uk/MobileLibrary/Library/Round/25
North,Wednesday Week 2,Semington,Village Hall,"Village Hall, Semington",2020-11-18,Wednesday,4,10:30,10:50,http://services.wiltshire.gov.uk/MobileLibrary/Library/Round/11
North,Friday Week 4,Shalbourne,Kingston Road,"Kingston Road, Shalbourne",2020-12-04,Friday,4,14:15,14:55,http://services.wiltshire.gov.uk/MobileLibrary/Library/Round/27
North,Friday Week 4,Shalbourne,The Plough,"The Plough, Shalbourne",2020-12-04,Friday,4,13:25,14:10,http://services.wiltshire.gov.uk/MobileLibrary/Library/Round/27
Residential homes,Friday Week 2,Shaw,Mavern House,"Mavern House, Shaw",2020-11-20,Friday,4,12:15,12:35,http://services.wiltshire.gov.uk/MobileLibrary/Library/Round/99
North,Saturday Week 1,Sherston,High Street,"High Street, Sherston",2020-12-12,Saturday,4,10:30,12:45,http://services.wiltshire.gov.uk/MobileLibrary/Library/Round/6
North,Saturday Week 3,Sherston,High Street,"High Street, Sherston",2020-11-28,Saturday,4,10:30,12:45,http://services.wiltshire.gov.uk/MobileLibrary/Library/Round/21
South,Wednesday Week 1,Shrewton,Hindes Meadow,"Hindes Meadow, Shrewton",2020-12-09,Wednesday,4,13:30,13:45,http://services.wiltshire.gov.uk/MobileLibrary/Library/Round/34
South,Wednesday Week 3,Shrewton,Hindes Meadow,"Hindes Meadow, Shrewton",2020-11-25,Wednesday,4,13:30,13:45,http://services.wiltshire.gov.uk/MobileLibrary/Library/Round/48
South,Wednesday Week 1,Shrewton,Maddington Church Rooms,"Maddington Church Rooms, Shrewton",2020-12-09,Wednesday,4,14:00,15:45,http://services.wiltshire.gov.uk/MobileLibrary/Library/Round/34
South,Wednesday Week 3,Shrewton,Maddington Church Rooms,"Maddington Church Rooms, Shrewton",2020-11-25,Wednesday,4,14:00,15:45,http://services.wiltshire.gov.uk/MobileLibrary/Library/Round/48
South,Saturday Week 1,South Newton,Vale View Road,"Vale View Road, South Newton",2020-12-12,Saturday,4,15:45,16:15,http://services.wiltshire.gov.uk/MobileLibrary/Library/Round/37
South,Saturday Week 3,South Newton,Vale View Road,"Vale View Road, South Newton",2020-11-28,Saturday,4,15:45,16:15,http://services.wiltshire.gov.uk/MobileLibrary/Library/Round/51
North,Monday Week 3,Spirthill,Naish House Farm,"Naish House Farm, Spirthill",2020-11-23,Monday,4,09:30,10:00,http://services.wiltshire.gov.uk/MobileLibrary/Library/Round/16
North,Thursday Week 2,Stanton St Bernard,Village Hall,"Village Hall, Stanton St Bernard",2020-11-19,Thursday,4,10:30,11:15,http://services.wiltshire.gov.uk/MobileLibrary/Library/Round/12
North,Tuesday Week 4,Stanton St Quintin,School,"School, Stanton St Quintin",2020-12-01,Tuesday,4,13:35,14:05,http://services.wiltshire.gov.uk/MobileLibrary/Library/Round/24
North,Wednesday Week 2,Steeple Ashton,Longs Arms pub,"Longs Arms pub, Steeple Ashton",2020-11-18,Wednesday,4,11:00,12:00,http://services.wiltshire.gov.uk/MobileLibrary/Library/Round/11
North,Wednesday Week 4,Steeple Ashton,Longs Arms pub,"Longs Arms pub, Steeple Ashton",2020-12-02,Wednesday,4,11:00,12:00,http://services.wiltshire.gov.uk/MobileLibrary/Library/Round/25
Residential homes,Wednesday Week 4,Steeple Langford,Edgars Close,"Edgars Close, Steeple Langford",2020-12-02,Wednesday,4,11:45,12:15,http://services.wiltshire.gov.uk/MobileLibrary/Library/Round/111
North,Monday Week 3,Stockley,Telephone box,"Telephone box, Stockley",2020-11-23,Monday,4,14:15,14:45,http://services.wiltshire.gov.uk/MobileLibrary/Library/Round/16
South,Wednesday Week 1,Stratford-sub-Castle,Castle Keep,"Castle Keep, Stratford-sub-Castle",2020-12-09,Wednesday,4,10:55,11:20,http://services.wiltshire.gov.uk/MobileLibrary/Library/Round/34
South,Wednesday Week 3,Stratford-sub-Castle,Castle Keep,"Castle Keep, Stratford-sub-Castle",2020-11-25,Wednesday,4,10:55,11:20,http://services.wiltshire.gov.uk/MobileLibrary/Library/Round/48
North,Thursday Week 1,Sutton Benger,Bell Piece,"Bell Piece, Sutton Benger",2020-12-10,Thursday,4,14:55,16:00,http://services.wiltshire.gov.uk/MobileLibrary/Library/Round/4
South,Friday Week 4,Sutton Veny,School,"School, Sutton Veny",2020-12-04,Friday,4,09:45,10:05,http://services.wiltshire.gov.uk/MobileLibrary/Library/Round/57
Residential homes,Thursday Week 1,Sutton Veny,Sutton Veny House,"Sutton Veny House, Sutton Veny",2020-12-10,Thursday,4,09:10,09:30,http://services.wiltshire.gov.uk/MobileLibrary/Library/Round/91
South,Tuesday Week 4,Teffont,Lay-by opposite Frith’s Barn,"Lay-by opposite Frith’s Barn, Teffont",2020-12-01,Tuesday,4,14:20,14:40,http://services.wiltshire.gov.uk/MobileLibrary/Library/Round/54
South,Friday Week 4,Tilshead,Near the Church,"Near the Church, Tilshead",2020-12-04,Friday,4,11:30,11:55,http://services.wiltshire.gov.uk/MobileLibrary/Library/Round/57
Residential homes,Thursday Week 1,Tisbury,Nadder Close,"Nadder Close, Tisbury",2020-12-10,Thursday,4,09:55,10:10,http://services.wiltshire.gov.uk/MobileLibrary/Library/Round/91
North,Tuesday Week 1,Tockenham,Church,"Church, Tockenham",2020-12-08,Tuesday,4,09:45,10:15,http://services.wiltshire.gov.uk/MobileLibrary/Library/Round/2
South,Tuesday Week 2,Tollard Royal,The Pond,"The Pond, Tollard Royal",2020-11-17,Tuesday,4,15:10,15:30,http://services.wiltshire.gov.uk/MobileLibrary/Library/Round/40
Residential homes,Thursday Week 2,Trowbridge,Avondown Court,"Avondown Court, Trowbridge",2020-11-19,Thursday,4,11:30,11:50,http://services.wiltshire.gov.uk/MobileLibrary/Library/Round/98
Residential homes,Thursday Week 2,Trowbridge,Charlotte Court,"Charlotte Court, Trowbridge",2020-11-19,Thursday,4,11:55,12:15,http://services.wiltshire.gov.uk/MobileLibrary/Library/Round/98
Residential homes,Friday Week 1,Trowbridge,Florence Court,"Florence Court, Trowbridge",2020-12-11,Friday,4,13:30,14:00,http://services.wiltshire.gov.uk/MobileLibrary/Library/Round/92
Residential homes,Thursday Week 2,Trowbridge,Grove Court,"Grove Court, Trowbridge",2020-11-19,Thursday,4,09:50,10:05,http://services.wiltshire.gov.uk/MobileLibrary/Library/Round/98
Residential homes,Thursday Week 2,Trowbridge,Manor Court,"Manor Court, Trowbridge",2020-11-19,Thursday,4,10:35,10:50,http://services.wiltshire.gov.uk/MobileLibrary/Library/Round/98
Residential homes,Thursday Week 2,Trowbridge,Maple Grove,"Maple Grove, Trowbridge",2020-11-19,Thursday,4,10:10,10:30,http://services.wiltshire.gov.uk/MobileLibrary/Library/Round/98
Residential homes,Friday Week 1,Trowbridge,Old Vicarage,"Old Vicarage, Trowbridge",2020-12-11,Friday,4,10:00,10:15,http://services.wiltshire.gov.uk/MobileLibrary/Library/Round/92
Residential homes,Thursday Week 2,Trowbridge,Romney House,"Romney House, Trowbridge",2020-11-19,Thursday,4,11:00,11:20,http://services.wiltshire.gov.uk/MobileLibrary/Library/Round/98
Residential homes,Friday Week 1,Trowbridge,Staverton House,"Staverton House, Trowbridge",2020-12-11,Friday,4,09:45,10:00,http://services.wiltshire.gov.uk/MobileLibrary/Library/Round/92
Residential homes,Thursday Week 2,Trowbridge,Teazle Court,"Teazle Court, Trowbridge",2020-11-19,Thursday,4,13:05,13:25,http://services.wiltshire.gov.uk/MobileLibrary/Library/Round/98
Residential homes,Thursday Week 2,Trowbridge,The Homestead,"The Homestead, Trowbridge",2020-11-19,Thursday,4,09:20,09:45,http://services.wiltshire.gov.uk/MobileLibrary/Library/Round/98
Residential homes,Friday Week 1,Trowbridge,Trowbridge Oaks,"Trowbridge Oaks, Trowbridge",2020-12-11,Friday,4,09:10,09:25,http://services.wiltshire.gov.uk/MobileLibrary/Library/Round/92
Residential homes,Thursday Week 2,Trowbridge,Weavers Drive,"Weavers Drive, Trowbridge",2020-11-19,Thursday,4,13:30,13:50,http://services.wiltshire.gov.uk/MobileLibrary/Library/Round/98
Residential homes,Friday Week 1,Trowbridge,Wingfield Lodge and Memory Lane,"Wingfield Lodge and Memory Lane, Trowbridge",2020-12-11,Friday,4,12:45,13:15,http://services.wiltshire.gov.uk/MobileLibrary/Library/Round/92
South,Monday Week 3,Upavon,Nursery,"Nursery, Upavon",2020-11-23,Monday,4,10:00,10:20,http://services.wiltshire.gov.uk/MobileLibrary/Library/Round/46
North,Tuesday Week 1,Upper Minety,Hovington Leaze,"Hovington Leaze, Upper Minety",2020-12-08,Tuesday,4,13:15,13:35,http://services.wiltshire.gov.uk/MobileLibrary/Library/Round/2
North,Friday Week 1,Upper Seagry,Recreation Ground,"Recreation Ground, Upper Seagry",2020-12-11,Friday,4,09:30,10:00,http://services.wiltshire.gov.uk/MobileLibrary/Library/Round/5
North,Wednesday Week 1,Upper Wraxall,The Green,"The Green, Upper Wraxall",2020-12-09,Wednesday,4,16:00,16:20,http://services.wiltshire.gov.uk/MobileLibrary/Library/Round/3
North,Wednesday Week 3,Upper Wraxall,The Green,"The Green, Upper Wraxall",2020-11-25,Wednesday,4,16:00,16:20,http://services.wiltshire.gov.uk/MobileLibrary/Library/Round/18
South,Friday Week 4,Upton Lovell,14a The Bungalow,"14a The Bungalow, Upton Lovell",2020-12-04,Friday,4,13:55,14:15,http://services.wiltshire.gov.uk/MobileLibrary/Library/Round/57
North,Thursday Week 2,Urchfont,The Croft,"The Croft, Urchfont",2020-11-19,Thursday,4,14:10,14:40,http://services.wiltshire.gov.uk/MobileLibrary/Library/Round/12
North,Thursday Week 2,Urchfont,The Green,"The Green, Urchfont",2020-11-19,Thursday,4,14:45,15:45,http://services.wiltshire.gov.uk/MobileLibrary/Library/Round/12
North,Thursday Week 4,Urchfont,The Green,"The Green, Urchfont",2020-12-03,Thursday,4,14:45,15:45,http://services.wiltshire.gov.uk/MobileLibrary/Library/Round/26
North,Saturday Week 4,Wadswick,Wadswick Green,"Wadswick Green, Wadswick",2020-12-05,Saturday,4,13:30,14:15,http://services.wiltshire.gov.uk/MobileLibrary/Library/Round/28
Residential homes,Thursday Week 1,Warminster,Fleurs Court,"Fleurs Court, Warminster",2020-12-10,Thursday,4,13:00,13:30,http://services.wiltshire.gov.uk/MobileLibrary/Library/Round/91
Residential homes,Friday Week 3,Warminster,Frederick Taylor Court,"Frederick Taylor Court, Warminster",2020-11-27,Friday,4,11:30,11:55,http://services.wiltshire.gov.uk/MobileLibrary/Library/Round/106
South,Monday Week 3,Wedhampton,22-23 High Street,"22-23 High Street, Wedhampton",2020-11-23,Monday,4,10:50,11:15,http://services.wiltshire.gov.uk/MobileLibrary/Library/Round/46
North,Thursday Week 3,West Ashton,Orchard Close,"Orchard Close, West Ashton",2020-11-26,Thursday,4,15:30,16:00,http://services.wiltshire.gov.uk/MobileLibrary/Library/Round/19
South,Thursday Week 1,West Dean,Village Hall,"Village Hall, West Dean",2020-12-10,Thursday,4,14:45,15:10,http://services.wiltshire.gov.uk/MobileLibrary/Library/Round/35
South,Thursday Week 1,West Grimstead,Greenfields,"Greenfields, West Grimstead",2020-12-10,Thursday,4,15:25,15:55,http://services.wiltshire.gov.uk/MobileLibrary/Library/Round/35
South,Saturday Week 1,West Harnham,Berkshire Road,"Berkshire Road, West Harnham",2020-12-12,Saturday,4,14:10,14:50,http://services.wiltshire.gov.uk/MobileLibrary/Library/Round/37
South,Wednesday Week 4,West Lavington,School,"School, West Lavington",2020-12-02,Wednesday,4,11:00,11:50,http://services.wiltshire.gov.uk/MobileLibrary/Library/Round/55
North,Tuesday Week 3,West Overton,Peacocks,"Peacocks, West Overton",2020-11-24,Tuesday,4,11:25,12:05,http://services.wiltshire.gov.uk/MobileLibrary/Library/Round/17
Residential homes,Friday Week 3,Westbury,Bell Orchard,"Bell Orchard, Westbury",2020-11-27,Friday,4,09:30,09:45,http://services.wiltshire.gov.uk/MobileLibrary/Library/Round/106
Residential homes,Friday Week 3,Westbury,Chantry Court,"Chantry Court, Westbury",2020-11-27,Friday,4,10:15,10:45,http://services.wiltshire.gov.uk/MobileLibrary/Library/Round/106
Residential homes,Friday Week 3,Westbury,The Westbury,"The Westbury, Westbury",2020-11-27,Friday,4,10:55,11:10,http://services.wiltshire.gov.uk/MobileLibrary/Library/Round/106
Residential homes,Friday Week 3,Westbury,Watersmead,"Watersmead, Westbury",2020-11-27,Friday,4,09:10,09:25,http://services.wiltshire.gov.uk/MobileLibrary/Library/Round/106
Residential homes,Friday Week 3,Westbury,Westbury Court,"Westbury Court, Westbury",2020-11-27,Friday,4,09:50,10:10,http://services.wiltshire.gov.uk/MobileLibrary/Library/Round/106
South,Thursday Week 1,Whiteparish,Ashmore Close,"Ashmore Close, Whiteparish",2020-12-10,Thursday,4,10:40,11:05,http://services.wiltshire.gov.uk/MobileLibrary/Library/Round/35
South,Saturday Week 2,Whiteparish,Ashmore Close,"Ashmore Close, Whiteparish",2020-11-21,Saturday,4,12:05,12:35,http://services.wiltshire.gov.uk/MobileLibrary/Library/Round/44
South,Saturday Week 4,Whiteparish,Ashmore Close,"Ashmore Close, Whiteparish",2020-12-05,Saturday,4,12:05,12:35,http://services.wiltshire.gov.uk/MobileLibrary/Library/Round/58
South,Thursday Week 1,Whiteparish,School,"School, Whiteparish",2020-12-10,Thursday,4,11:15,12:10,http://services.wiltshire.gov.uk/MobileLibrary/Library/Round/35
North,Tuesday Week 2,Whitley,Reading Rooms,"Reading Rooms, Whitley",2020-11-17,Tuesday,4,11:15,12:00,http://services.wiltshire.gov.uk/MobileLibrary/Library/Round/10
South,Monday Week 1,Wilsford,Outside Lamberts,"Outside Lamberts, Wilsford",2020-12-07,Monday,4,10:45,11:10,http://services.wiltshire.gov.uk/MobileLibrary/Library/Round/32
Residential homes,Wednesday Week 1,Wilton,Downside,"Downside, Wilton",2020-12-09,Wednesday,4,12:20,12:35,http://services.wiltshire.gov.uk/MobileLibrary/Library/Round/90
North,Thursday Week 3,Wingfield,The Poplars Inn,"The Poplars Inn, Wingfield",2020-11-26,Thursday,4,13:30,14:15,http://services.wiltshire.gov.uk/MobileLibrary/Library/Round/19
North,Thursday Week 3,Winsley,Avonpark Retirement Village,"Avonpark Retirement Village, Winsley",2020-11-26,Thursday,4,10:40,11:10,http://services.wiltshire.gov.uk/MobileLibrary/Library/Round/19
North,Thursday Week 3,Winsley,School,"School, Winsley",2020-11-26,Thursday,4,11:20,12:20,http://services.wiltshire.gov.uk/MobileLibrary/Library/Round/19
South,Friday Week 1,Winterbourne Earls,Earls Manor Court,"Earls Manor Court, Winterbourne Earls",2020-12-11,Friday,4,14:00,14:30,http://services.wiltshire.gov.uk/MobileLibrary/Library/Round/36
South,Friday Week 3,Winterbourne Earls,Earls Manor Court,"Earls Manor Court, Winterbourne Earls",2020-11-27,Friday,4,14:00,14:30,http://services.wiltshire.gov.uk/MobileLibrary/Library/Round/50
South,Friday Week 1,Winterbourne Earls,Glebe Hall,"Glebe Hall, Winterbourne Earls",2020-12-11,Friday,4,09:30,10:30,http://services.wiltshire.gov.uk/MobileLibrary/Library/Round/36
South,Friday Week 3,Winterbourne Earls,Glebe Hall,"Glebe Hall, Winterbourne Earls",2020-11-27,Friday,4,09:30,10:30,http://services.wiltshire.gov.uk/MobileLibrary/Library/Round/50
South,Tuesday Week 1,Winterslow,Village Hall,"Village Hall, Winterslow",2020-12-08,Tuesday,4,13:30,16:00,http://services.wiltshire.gov.uk/MobileLibrary/Library/Round/33
South,Tuesday Week 3,Winterslow,Village Hall,"Village Hall, Winterslow",2020-11-24,Tuesday,4,13:30,16:00,http://services.wiltshire.gov.uk/MobileLibrary/Library/Round/47
South,Monday Week 1,Woodborough,Social Club Car Park,"Social Club Car Park, Woodborough",2020-12-07,Monday,4,14:25,15:45,http://services.wiltshire.gov.uk/MobileLibrary/Library/Round/32
South,Monday Week 3,Woodborough,Social Club Car Park,"Social Club Car Park, Woodborough",2020-11-23,Monday,4,14:25,15:45,http://services.wiltshire.gov.uk/MobileLibrary/Library/Round/46
South,Saturday Week 3,Woodfalls,Opposite Post Office,"Opposite Post Office, Woodfalls",2020-11-28,Saturday,4,13:25,13:45,http://services.wiltshire.gov.uk/MobileLibrary/Library/Round/51
Residential homes,Tuesday Week 1,Wootton Bassett,Bassett House,"Bassett House, Wootton Bassett",2020-12-08,Tuesday,4,13:45,14:10,http://services.wiltshire.gov.uk/MobileLibrary/Library/Round/89
Residential homes,Tuesday Week 1,Wootton Bassett,Dairy View,"Dairy View, Wootton Bassett",2020-12-08,Tuesday,4,14:15,14:30,http://services.wiltshire.gov.uk/MobileLibrary/Library/Round/89
North,Monday Week 1,Worton,The School,"The School, Worton",2020-12-07,Monday,4,13:10,13:50,http://services.wiltshire.gov.uk/MobileLibrary/Library/Round/1
South,Friday Week 4,Wylye,The Bell Pub,"The Bell Pub, Wylye",2020-12-04,Friday,4,14:30,15:05,http://services.wiltshire.gov.uk/MobileLibrary/Library/Round/57
North,Monday Week 3,Yatesbury,The Lymers,"The Lymers, Yatesbury",2020-11-23,Monday,4,11:45,12:05,http://services.wiltshire.gov.uk/MobileLibrary/Library/Round/16
North,Wednesday Week 3,Yatton Keynell,Village Hall,"Village Hall, Yatton Keynell",2020-11-25,Wednesday,4,09:30,10:00,http://services.wiltshire.gov.uk/MobileLibrary/Library/Round/18
South,Thursday Week 2,Zeals,43 Zeals Rise,"43 Zeals Rise, Zeals",2020-11-19,Thursday,4,10:50,11:10,http://services.wiltshire.gov.uk/MobileLibrary/Library/Round/42
South,Thursday Week 4,Zeals,43 Zeals Rise,"43 Zeals Rise, Zeals",2020-12-03,Thursday,4,10:50,11:10,http://services.wiltshire.gov.uk/MobileLibrary/Library/Round/56
South,Thursday Week 4,Zeals,School,"School, Zeals",2020-12-03,Thursday,4,10:00,10:40,http://services.wiltshire.gov.uk/MobileLibrary/Library/Round/56
